epoch,step,train_loss,val_loss
0,49,0.4344467520713806,
0,99,0.4850051701068878,
0,149,0.45752936601638794,
0,199,0.3822823464870453,
0,249,0.5294438004493713,
0,299,0.5513824820518494,
0,349,0.5468124151229858,
0,399,0.2941671311855316,
0,449,0.6881625056266785,
0,499,0.7587931156158447,
0,549,0.5107835531234741,
0,599,0.4651836156845093,
0,649,0.4934821128845215,
0,699,0.5554806590080261,
0,749,0.6016099452972412,
0,787,,0.5098391175270081
1,799,0.46141886711120605,
